CustomerID,OrderCount
SAVEA,31
ERNSH,30
QUICK,28
FOLKO,19
HUNGO,19
HILAA,18
RATTC,18
BERGS,18
BONAP,17
LEHMS,15
FRANK,15
WARTH,15
LILAS,14
LAMAI,14
WHITC,14
HANAR,14
BOTTM,14
KOENE,14
AROUT,13
QUEEN,13
MEREP,13
LINOD,12
REGGC,12
SUPRD,12
BLONP,11
RICAR,11
GREAL,11
VAFFE,11
BSBEV,10
TORTU,10
RICSU,10
GODOS,10
OTTIK,10
OLDWO,10
ISLAT,10
PICCO,10
MAGAA,10
VICTE,10
WANDK,10
SPLIR,9
SEVES,9
GOURL,9
QUEDE,9
WELLI,9
LONEP,8
CHOPS,8
EASTC,8
FURIB,8
BLAUS,7
FAMIA,7
WOLZA,7
MAISD,7
SIMOB,7
ANTON,7
WILMK,7
PERIC,6
TOMSP,6
DRACD,6
FRANS,6
TRADH,6
CACTU,6
ALFKI,6
SANTG,6
GALED,5
PRINI,5
VINET,5
RANCH,5
FOLIG,5
MORGK,5
OCEAN,5
COMMI,5
HUNGC,5
ROMEY,5
DUMON,4
LETSS,4
LACOR,4
THEBI,4
SPECD,4
ANATR,4
FRANR,3
CONSH,3
BOLID,3
TRAIH,3
LAUGB,3
NORTS,3
THECR,3
LAZYK,2
GROSR,2
CENTC,1
